
	<!DOCTYPE project [
		<!ELEMENT project (objectids-table | current-scenario | duration | aggregation-period | truncated-mean | percentile)* >
	
		<!ELEMENT objectids-table (objectids-entry)* >
		<!ELEMENT objectids-entry (#PCDATA)>
		<!ELEMENT duration (#PCDATA)>
		<!ELEMENT truncated-mean (#PCDATA)>
		<!ELEMENT percentile (#PCDATA)>
		<!ELEMENT aggregation-period (#PCDATA)>
		<!ELEMENT current-scenario (#PCDATA)>
		<!ATTLIST duration
		    value CDATA #REQUIRED>
	    <!ATTLIST aggregation-period
		    value CDATA #REQUIRED>
		<!ATTLIST objectids-entry
		    objectid CDATA #REQUIRED
		    type CDATA #REQUIRED
		    value CDATA #REQUIRED
		    key CDATA #REQUIRED>
		<!ATTLIST truncated-mean
		    centered-interval CDATA #REQUIRED
		    percentage CDATA #REQUIRED>
		 <!ATTLIST percentile
		    percentage CDATA #REQUIRED>
	]>


<!--****** RUNTIME PROJECT ******--><project>
<!--****** CURRENT SCENARIO ******-->
<current-scenario>scenario1</current-scenario>
<!--****** OBJECTIDS ******-->
<objectids-table>
<objectids-entry key="" objectid="0" type="LG_HOST" value="localhost:7100"/>
<objectids-entry key="" objectid="1" type="ZONE" value="Default zone"/>
<objectids-entry key="Default zone¤Population1¤" objectid="2" type="POPULATION" value="Population1"/>
<objectids-entry key="Default zone¤Population1¤JPetStore_recording" objectid="3" type="VIRTUAL_USER" value="JPetStore_recording"/>
<objectids-entry key="Default zone¤Population1¤JPetStore_recording" objectid="4" type="BASIC_LOGICAL_CONTAINER" value="$parent=JPetStore_recording;$index=0"/>
<objectids-entry key="Default zone¤Population1¤JPetStore_recording" objectid="5" type="BASIC_LOGICAL_CONTAINER" value="900abe01-2c2f-459f-94c8-8cfee75233ec"/>
<objectids-entry key="Default zone¤Population1¤JPetStore_recording" objectid="6" type="HTTP_PAGE" value="f040b93d-2c6b-4f40-a0bd-e0b8f652ba77"/>
<objectids-entry key="Default zone¤Population1¤JPetStore_recording" objectid="7" type="ACTION" value="c3804e1f-9810-4cdc-aa0a-09eb828b226b"/>
<objectids-entry key="Default zone¤Population1¤JPetStore_recording" objectid="8" type="ACTION" value="277bf6c3-8b56-4b0b-b49c-c14b77287690"/>
<objectids-entry key="Default zone¤Population1¤JPetStore_recording" objectid="9" type="ACTION" value="66e0cc5f-78a8-4e5a-a562-1d36188a89fd"/>
<objectids-entry key="Default zone¤Population1¤JPetStore_recording" objectid="10" type="ACTION" value="18fb7d24-28ac-4c96-97f2-d42fa981efe8"/>
<objectids-entry key="Default zone¤Population1¤JPetStore_recording" objectid="11" type="ACTION" value="20a2cec7-e96b-4634-978e-00522ef93fad"/>
<objectids-entry key="Default zone¤Population1¤JPetStore_recording" objectid="12" type="HTTP_PAGE" value="eecaf576-3b00-4e64-ad84-ec1a9dbe80d4"/>
<objectids-entry key="Default zone¤Population1¤JPetStore_recording" objectid="13" type="ACTION" value="918b6348-ac9a-47fa-8740-8763d89e6987"/>
<objectids-entry key="Default zone¤Population1¤JPetStore_recording" objectid="14" type="HTTP_PAGE" value="4f55ffdb-6b0e-4084-8789-d952ec8f4f50"/>
<objectids-entry key="Default zone¤Population1¤JPetStore_recording" objectid="15" type="ACTION" value="1bbb940d-0ae1-4a94-8e48-f4b30c84041a"/>
<objectids-entry key="Default zone¤Population1¤JPetStore_recording" objectid="16" type="ACTION" value="c2da7c2b-70f5-4ac4-97fe-c54df98155af"/>
<objectids-entry key="Default zone¤Population1¤JPetStore_recording" objectid="17" type="ACTION" value="dd8dac96-0153-43e1-9f72-d8d8ef4bff59"/>
<objectids-entry key="Default zone¤Population1¤JPetStore_recording" objectid="18" type="ACTION" value="fb20696d-2d9c-4a7b-a026-acea9680d64e"/>
<objectids-entry key="Default zone¤Population1¤JPetStore_recording" objectid="19" type="ACTION" value="e1dff782-cbf5-45a5-aba2-c2cbc5e2aa46"/>
<objectids-entry key="Default zone¤Population1¤JPetStore_recording" objectid="20" type="ACTION" value="d9b6b8e8-9f86-4e76-bd0b-cd02290fbba6"/>
<objectids-entry key="Default zone¤Population1¤JPetStore_recording" objectid="21" type="HTTP_PAGE" value="bdcf9c83-8c7a-483c-9716-145541b79aa7"/>
<objectids-entry key="Default zone¤Population1¤JPetStore_recording" objectid="22" type="ACTION" value="93dbc6fa-dc23-4178-af9b-73fbc00b7de3"/>
<objectids-entry key="Default zone¤Population1¤JPetStore_recording" objectid="23" type="ACTION" value="a6cad20a-f76c-4a91-9e8c-0cb900cf7de9"/>
<objectids-entry key="Default zone¤Population1¤JPetStore_recording" objectid="24" type="ACTION" value="097f78a3-5876-4987-b8ee-eeeef0f3ab0b"/>
<objectids-entry key="Default zone¤Population1¤JPetStore_recording" objectid="25" type="BASIC_LOGICAL_CONTAINER" value="$parent=JPetStore_recording;$index=1"/>
<objectids-entry key="Default zone¤Population1¤JPetStore_recording" objectid="26" type="BASIC_LOGICAL_CONTAINER" value="641057f6-a789-4e59-9262-1aae6d26ed9a"/>
<objectids-entry key="Default zone¤Population1¤JPetStore_recording" objectid="27" type="HTTP_PAGE" value="fc03c7af-4c19-4dd2-8927-c772785777e2"/>
<objectids-entry key="Default zone¤Population1¤JPetStore_recording" objectid="28" type="ACTION" value="7121ef6b-f77c-414c-bb37-4c3ac37ede3e"/>
<objectids-entry key="Default zone¤Population1¤JPetStore_recording" objectid="29" type="HTTP_PAGE" value="043b5274-87ef-4039-ba2c-9f02d81cae3d"/>
<objectids-entry key="Default zone¤Population1¤JPetStore_recording" objectid="30" type="ACTION" value="84c50ded-c4ff-4409-8fad-60737024db29"/>
<objectids-entry key="Default zone¤Population1¤JPetStore_recording" objectid="31" type="ACTION" value="db617f15-689a-4930-a41c-7dd0ac75448d"/>
<objectids-entry key="Default zone¤Population1¤JPetStore_recording" objectid="32" type="BASIC_LOGICAL_CONTAINER" value="$parent=JPetStore_recording;$index=2"/>
<objectids-entry key="Default zone¤Population1¤JPetStore_recording" objectid="33" type="BASIC_LOGICAL_CONTAINER" value="4da9b911-cb8c-459e-a038-b037f5eb2b4c"/>
<objectids-entry key="Default zone¤Population1¤JPetStore_recording" objectid="34" type="HTTP_PAGE" value="6f756be8-3024-45e5-87e6-1367702bdd03"/>
<objectids-entry key="Default zone¤Population1¤JPetStore_recording" objectid="35" type="ACTION" value="b857e9c7-76e6-43a9-938b-0d05ff564720"/>
<objectids-entry key="Default zone¤Population1¤JPetStore_recording" objectid="36" type="ACTION" value="4f9b213c-dae5-4f00-94db-0d9a1c36c59e"/>
<objectids-entry key="¤¤" objectid="37" type="MONITORED_HOST" value="NeoLoad"/>
<objectids-entry key="¤¤" objectid="38" type="MONITORCONNECTION" value="NeoLoad$NeoLoad"/>
<objectids-entry key="¤¤" objectid="39" type="MONITOR" value="NeoLoad$NeoLoad$UserLoad"/>
<objectids-entry key="¤¤" objectid="40" type="MONITOR" value="NeoLoad$NeoLoad$throughput"/>
<objectids-entry key="¤¤" objectid="41" type="MONITOR" value="NeoLoad$NeoLoad$Alerts"/>
<objectids-entry key="¤¤" objectid="42" type="MONITOR" value="NeoLoad$NeoLoad$CriticalAlerts"/>
<objectids-entry key="¤¤" objectid="43" type="MONITOR" value="NeoLoad$NeoLoad$WarningAlerts"/>
<objectids-entry key="¤¤" objectid="44" type="MONITOR" value="NeoLoad$NeoLoad$cpu"/>
<objectids-entry key="¤¤" objectid="45" type="THRESHOLD" value="NeoLoad$NeoLoad$19f0a3cc-5ea7-48ce-b8c4-996d07e71b7d"/>
<objectids-entry key="¤¤" objectid="46" type="MONITOR" value="NeoLoad$NeoLoad$memory"/>
<objectids-entry key="¤¤" objectid="47" type="THRESHOLD" value="NeoLoad$NeoLoad$ebf1aa73-e924-4559-9e31-205d64dd4979"/>
<objectids-entry key="¤¤" objectid="48" type="MONITOR" value="NeoLoad$NeoLoad$threadcount"/>
<objectids-entry key="¤¤" objectid="49" type="MONITOR" value="NeoLoad$NeoLoad$connectedlg"/>
<objectids-entry key="¤¤" objectid="50" type="MONITOR" value="NeoLoad$NeoLoad$totallgdisconnections"/>
<objectids-entry key="¤¤" objectid="51" type="THRESHOLD" value="NeoLoad$NeoLoad$017581df-733e-43ef-911d-deb8f1fea6f1"/>
<objectids-entry key="¤¤" objectid="52" type="MONITOR" value="NeoLoad$NeoLoad$totallgreconnections"/>
<objectids-entry key="¤¤" objectid="53" type="MONITOR" value="NeoLoad$NeoLoad$otcp.NeoLoad"/>
<objectids-entry key="¤¤" objectid="54" type="MONITOR" value="NeoLoad$NeoLoad$tcp.NeoLoad"/>
<objectids-entry key="¤¤" objectid="55" type="MONITOR" value="NeoLoad$NeoLoad$ibytesperinterface~NeoLoad~wlan0"/>
<objectids-entry key="¤¤" objectid="56" type="MONITOR" value="NeoLoad$NeoLoad$obytesperinterface~NeoLoad~wlan0"/>
<objectids-entry key="¤¤" objectid="57" type="MONITOR" value="NeoLoad$NeoLoad$ibytesperinterface~NeoLoad~eth6"/>
<objectids-entry key="¤¤" objectid="58" type="MONITOR" value="NeoLoad$NeoLoad$obytesperinterface~NeoLoad~eth6"/>
<objectids-entry key="¤¤" objectid="59" type="MONITOR" value="NeoLoad$NeoLoad$ibytesperinterface~NeoLoad~eth0"/>
<objectids-entry key="¤¤" objectid="60" type="MONITOR" value="NeoLoad$NeoLoad$obytesperinterface~NeoLoad~eth0"/>
<objectids-entry key="¤¤" objectid="61" type="MONITOR" value="NeoLoad$NeoLoad$ibytesperinterface~NeoLoad~wlan2"/>
<objectids-entry key="¤¤" objectid="62" type="MONITOR" value="NeoLoad$NeoLoad$obytesperinterface~NeoLoad~wlan2"/>
<objectids-entry key="¤¤" objectid="63" type="MONITOR" value="NeoLoad$NeoLoad$nlwebdownload"/>
<objectids-entry key="¤¤" objectid="64" type="MONITOR" value="NeoLoad$NeoLoad$nlwebupload"/>
<objectids-entry key="¤¤" objectid="65" type="MONITOR" value="NeoLoad$NeoLoad$SapUserLoad"/>
<objectids-entry key="¤¤" objectid="66" type="MONITOR" value="NeoLoad$NeoLoad$zoneuserload~Default zone"/>
<objectids-entry key="¤¤" objectid="67" type="MONITOR" value="NeoLoad$NeoLoad$zoneuserloadperpopulation~Default zone~Population1"/>
<objectids-entry key="¤¤" objectid="68" type="MONITOR" value="NeoLoad$NeoLoad$zoneuserloadperpopulation~Default zone~Population1~JPetStore_recording"/>
<objectids-entry key="¤¤" objectid="69" type="MONITORED_HOST" value="LG localhost:7100"/>
<objectids-entry key="¤¤" objectid="70" type="MONITORCONNECTION" value="LG localhost:7100$NeoLoad"/>
<objectids-entry key="¤¤" objectid="71" type="MONITOR" value="LG localhost:7100$NeoLoad$lgcpu.localhost:7100"/>
<objectids-entry key="¤¤" objectid="72" type="THRESHOLD" value="LG localhost:7100$NeoLoad$849ec85d-2734-4b1c-a566-775a2cee637a"/>
<objectids-entry key="¤¤" objectid="73" type="MONITOR" value="LG localhost:7100$NeoLoad$lgmemory.localhost:7100"/>
<objectids-entry key="¤¤" objectid="74" type="THRESHOLD" value="LG localhost:7100$NeoLoad$e27c550d-638b-45a7-a436-149c3d7f761a"/>
<objectids-entry key="¤¤" objectid="75" type="MONITOR" value="LG localhost:7100$NeoLoad$lgthroughput.localhost:7100"/>
<objectids-entry key="¤¤" objectid="76" type="MONITOR" value="LG localhost:7100$NeoLoad$lguserloadperpopulation~localhost:7100"/>
<objectids-entry key="¤¤" objectid="77" type="MONITOR" value="LG localhost:7100$NeoLoad$lgthreadcount.localhost:7100"/>
<objectids-entry key="¤¤" objectid="78" type="MONITOR" value="LG localhost:7100$NeoLoad$lg.jetty.httpclient.threadpool.used.localhost:7100"/>
<objectids-entry key="¤¤" objectid="79" type="MONITOR" value="LG localhost:7100$NeoLoad$lg.jetty.httpclient.taskpool.used.localhost:7100"/>
<objectids-entry key="¤¤" objectid="80" type="THRESHOLD" value="LG localhost:7100$NeoLoad$e5716d34-fbdb-4847-bff9-4f872b64647d"/>
<objectids-entry key="¤¤" objectid="81" type="MONITOR" value="LG localhost:7100$NeoLoad$lgdisconnections.localhost:7100"/>
<objectids-entry key="¤¤" objectid="82" type="MONITOR" value="LG localhost:7100$NeoLoad$lgreconnections.localhost:7100"/>
<objectids-entry key="¤¤" objectid="83" type="MONITOR" value="LG localhost:7100$NeoLoad$lgping.localhost:7100"/>
<objectids-entry key="¤¤" objectid="84" type="MONITOR" value="LG localhost:7100$NeoLoad$lgotcp.localhost:7100"/>
<objectids-entry key="¤¤" objectid="85" type="MONITOR" value="LG localhost:7100$NeoLoad$lgtcp.localhost:7100"/>
<objectids-entry key="¤¤" objectid="86" type="MONITOR" value="LG localhost:7100$NeoLoad$lgibytesperinterface~localhost:7100~wlan0"/>
<objectids-entry key="¤¤" objectid="87" type="MONITOR" value="LG localhost:7100$NeoLoad$lgobytesperinterface~localhost:7100~wlan0"/>
<objectids-entry key="¤¤" objectid="88" type="MONITOR" value="LG localhost:7100$NeoLoad$lgibytesperinterface~localhost:7100~eth6"/>
<objectids-entry key="¤¤" objectid="89" type="MONITOR" value="LG localhost:7100$NeoLoad$lgobytesperinterface~localhost:7100~eth6"/>
<objectids-entry key="¤¤" objectid="90" type="MONITOR" value="LG localhost:7100$NeoLoad$lgibytesperinterface~localhost:7100~eth0"/>
<objectids-entry key="¤¤" objectid="91" type="MONITOR" value="LG localhost:7100$NeoLoad$lgobytesperinterface~localhost:7100~eth0"/>
<objectids-entry key="¤¤" objectid="92" type="MONITOR" value="LG localhost:7100$NeoLoad$lgibytesperinterface~localhost:7100~wlan2"/>
<objectids-entry key="¤¤" objectid="93" type="MONITOR" value="LG localhost:7100$NeoLoad$lgobytesperinterface~localhost:7100~wlan2"/>
</objectids-table>
<!--****** DURATION ******-->
<duration value="0"/>
<!--****** AGGREGATION PERIOD ******-->
<aggregation-period value="1000"/>
<!--****** EXTENDED STATISTICS ******-->
<truncated-mean centered-interval="true" percentage="90"/>
<percentile percentage="50"/>
</project>
